/*
 Navicat Premium Data Transfer

 Source Server         : pg_local
 Source Server Type    : PostgreSQL
 Source Server Version : 130002 (130002)
 Source Host           : localhost:5432
 Source Catalog        : fastprint
 Source Schema         : public

 Target Server Type    : PostgreSQL
 Target Server Version : 130002 (130002)
 File Encoding         : 65001

 Date: 25/09/2023 16:05:17
*/


-- ----------------------------
-- Table structure for auth_group
-- ----------------------------
DROP TABLE IF EXISTS "auth_group";
CREATE TABLE "auth_group" (
  "id" int4 NOT NULL GENERATED BY DEFAULT AS IDENTITY (
INCREMENT 1
MINVALUE  1
MAXVALUE 2147483647
START 1
CACHE 1
),
  "name" varchar(150) COLLATE "pg_catalog"."default" NOT NULL
)
;

-- ----------------------------
-- Records of auth_group
-- ----------------------------
BEGIN;
COMMIT;

-- ----------------------------
-- Table structure for auth_group_permissions
-- ----------------------------
DROP TABLE IF EXISTS "auth_group_permissions";
CREATE TABLE "auth_group_permissions" (
  "id" int8 NOT NULL GENERATED BY DEFAULT AS IDENTITY (
INCREMENT 1
MINVALUE  1
MAXVALUE 9223372036854775807
START 1
CACHE 1
),
  "group_id" int4 NOT NULL,
  "permission_id" int4 NOT NULL
)
;

-- ----------------------------
-- Records of auth_group_permissions
-- ----------------------------
BEGIN;
COMMIT;

-- ----------------------------
-- Table structure for auth_permission
-- ----------------------------
DROP TABLE IF EXISTS "auth_permission";
CREATE TABLE "auth_permission" (
  "id" int4 NOT NULL GENERATED BY DEFAULT AS IDENTITY (
INCREMENT 1
MINVALUE  1
MAXVALUE 2147483647
START 1
CACHE 1
),
  "name" varchar(255) COLLATE "pg_catalog"."default" NOT NULL,
  "content_type_id" int4 NOT NULL,
  "codename" varchar(100) COLLATE "pg_catalog"."default" NOT NULL
)
;

-- ----------------------------
-- Records of auth_permission
-- ----------------------------
BEGIN;
INSERT INTO "auth_permission" ("id", "name", "content_type_id", "codename") VALUES (1, 'Can add log entry', 1, 'add_logentry');
INSERT INTO "auth_permission" ("id", "name", "content_type_id", "codename") VALUES (2, 'Can change log entry', 1, 'change_logentry');
INSERT INTO "auth_permission" ("id", "name", "content_type_id", "codename") VALUES (3, 'Can delete log entry', 1, 'delete_logentry');
INSERT INTO "auth_permission" ("id", "name", "content_type_id", "codename") VALUES (4, 'Can view log entry', 1, 'view_logentry');
INSERT INTO "auth_permission" ("id", "name", "content_type_id", "codename") VALUES (5, 'Can add permission', 2, 'add_permission');
INSERT INTO "auth_permission" ("id", "name", "content_type_id", "codename") VALUES (6, 'Can change permission', 2, 'change_permission');
INSERT INTO "auth_permission" ("id", "name", "content_type_id", "codename") VALUES (7, 'Can delete permission', 2, 'delete_permission');
INSERT INTO "auth_permission" ("id", "name", "content_type_id", "codename") VALUES (8, 'Can view permission', 2, 'view_permission');
INSERT INTO "auth_permission" ("id", "name", "content_type_id", "codename") VALUES (9, 'Can add group', 3, 'add_group');
INSERT INTO "auth_permission" ("id", "name", "content_type_id", "codename") VALUES (10, 'Can change group', 3, 'change_group');
INSERT INTO "auth_permission" ("id", "name", "content_type_id", "codename") VALUES (11, 'Can delete group', 3, 'delete_group');
INSERT INTO "auth_permission" ("id", "name", "content_type_id", "codename") VALUES (12, 'Can view group', 3, 'view_group');
INSERT INTO "auth_permission" ("id", "name", "content_type_id", "codename") VALUES (13, 'Can add user', 4, 'add_user');
INSERT INTO "auth_permission" ("id", "name", "content_type_id", "codename") VALUES (14, 'Can change user', 4, 'change_user');
INSERT INTO "auth_permission" ("id", "name", "content_type_id", "codename") VALUES (15, 'Can delete user', 4, 'delete_user');
INSERT INTO "auth_permission" ("id", "name", "content_type_id", "codename") VALUES (16, 'Can view user', 4, 'view_user');
INSERT INTO "auth_permission" ("id", "name", "content_type_id", "codename") VALUES (17, 'Can add content type', 5, 'add_contenttype');
INSERT INTO "auth_permission" ("id", "name", "content_type_id", "codename") VALUES (18, 'Can change content type', 5, 'change_contenttype');
INSERT INTO "auth_permission" ("id", "name", "content_type_id", "codename") VALUES (19, 'Can delete content type', 5, 'delete_contenttype');
INSERT INTO "auth_permission" ("id", "name", "content_type_id", "codename") VALUES (20, 'Can view content type', 5, 'view_contenttype');
INSERT INTO "auth_permission" ("id", "name", "content_type_id", "codename") VALUES (21, 'Can add session', 6, 'add_session');
INSERT INTO "auth_permission" ("id", "name", "content_type_id", "codename") VALUES (22, 'Can change session', 6, 'change_session');
INSERT INTO "auth_permission" ("id", "name", "content_type_id", "codename") VALUES (23, 'Can delete session', 6, 'delete_session');
INSERT INTO "auth_permission" ("id", "name", "content_type_id", "codename") VALUES (24, 'Can view session', 6, 'view_session');
INSERT INTO "auth_permission" ("id", "name", "content_type_id", "codename") VALUES (25, 'Can add kategori', 7, 'add_kategori');
INSERT INTO "auth_permission" ("id", "name", "content_type_id", "codename") VALUES (26, 'Can change kategori', 7, 'change_kategori');
INSERT INTO "auth_permission" ("id", "name", "content_type_id", "codename") VALUES (27, 'Can delete kategori', 7, 'delete_kategori');
INSERT INTO "auth_permission" ("id", "name", "content_type_id", "codename") VALUES (28, 'Can view kategori', 7, 'view_kategori');
INSERT INTO "auth_permission" ("id", "name", "content_type_id", "codename") VALUES (29, 'Can add status', 8, 'add_status');
INSERT INTO "auth_permission" ("id", "name", "content_type_id", "codename") VALUES (30, 'Can change status', 8, 'change_status');
INSERT INTO "auth_permission" ("id", "name", "content_type_id", "codename") VALUES (31, 'Can delete status', 8, 'delete_status');
INSERT INTO "auth_permission" ("id", "name", "content_type_id", "codename") VALUES (32, 'Can view status', 8, 'view_status');
INSERT INTO "auth_permission" ("id", "name", "content_type_id", "codename") VALUES (33, 'Can add kategori', 9, 'add_kategori');
INSERT INTO "auth_permission" ("id", "name", "content_type_id", "codename") VALUES (34, 'Can change kategori', 9, 'change_kategori');
INSERT INTO "auth_permission" ("id", "name", "content_type_id", "codename") VALUES (35, 'Can delete kategori', 9, 'delete_kategori');
INSERT INTO "auth_permission" ("id", "name", "content_type_id", "codename") VALUES (36, 'Can view kategori', 9, 'view_kategori');
INSERT INTO "auth_permission" ("id", "name", "content_type_id", "codename") VALUES (37, 'Can add produk', 10, 'add_produk');
INSERT INTO "auth_permission" ("id", "name", "content_type_id", "codename") VALUES (38, 'Can change produk', 10, 'change_produk');
INSERT INTO "auth_permission" ("id", "name", "content_type_id", "codename") VALUES (39, 'Can delete produk', 10, 'delete_produk');
INSERT INTO "auth_permission" ("id", "name", "content_type_id", "codename") VALUES (40, 'Can view produk', 10, 'view_produk');
INSERT INTO "auth_permission" ("id", "name", "content_type_id", "codename") VALUES (41, 'Can add status', 11, 'add_status');
INSERT INTO "auth_permission" ("id", "name", "content_type_id", "codename") VALUES (42, 'Can change status', 11, 'change_status');
INSERT INTO "auth_permission" ("id", "name", "content_type_id", "codename") VALUES (43, 'Can delete status', 11, 'delete_status');
INSERT INTO "auth_permission" ("id", "name", "content_type_id", "codename") VALUES (44, 'Can view status', 11, 'view_status');
COMMIT;

-- ----------------------------
-- Table structure for auth_user
-- ----------------------------
DROP TABLE IF EXISTS "auth_user";
CREATE TABLE "auth_user" (
  "id" int4 NOT NULL GENERATED BY DEFAULT AS IDENTITY (
INCREMENT 1
MINVALUE  1
MAXVALUE 2147483647
START 1
CACHE 1
),
  "password" varchar(128) COLLATE "pg_catalog"."default" NOT NULL,
  "last_login" timestamptz(6),
  "is_superuser" bool NOT NULL,
  "username" varchar(150) COLLATE "pg_catalog"."default" NOT NULL,
  "first_name" varchar(150) COLLATE "pg_catalog"."default" NOT NULL,
  "last_name" varchar(150) COLLATE "pg_catalog"."default" NOT NULL,
  "email" varchar(254) COLLATE "pg_catalog"."default" NOT NULL,
  "is_staff" bool NOT NULL,
  "is_active" bool NOT NULL,
  "date_joined" timestamptz(6) NOT NULL
)
;

-- ----------------------------
-- Records of auth_user
-- ----------------------------
BEGIN;
INSERT INTO "auth_user" ("id", "password", "last_login", "is_superuser", "username", "first_name", "last_name", "email", "is_staff", "is_active", "date_joined") VALUES (3, 'pbkdf2_sha256$600000$M0x7zydeGgp4wZ3GEbjjWN$lYG2uihR2GrvG6j3dw0IaO1rUD85hO9u+XuiVpIrugY=', '2023-09-23 07:35:46.823291+07', 't', 'admin', '', '', 'syerif@gmail.com', 't', 't', '2023-09-23 03:48:50.807889+07');
COMMIT;

-- ----------------------------
-- Table structure for auth_user_groups
-- ----------------------------
DROP TABLE IF EXISTS "auth_user_groups";
CREATE TABLE "auth_user_groups" (
  "id" int8 NOT NULL GENERATED BY DEFAULT AS IDENTITY (
INCREMENT 1
MINVALUE  1
MAXVALUE 9223372036854775807
START 1
CACHE 1
),
  "user_id" int4 NOT NULL,
  "group_id" int4 NOT NULL
)
;

-- ----------------------------
-- Records of auth_user_groups
-- ----------------------------
BEGIN;
COMMIT;

-- ----------------------------
-- Table structure for auth_user_user_permissions
-- ----------------------------
DROP TABLE IF EXISTS "auth_user_user_permissions";
CREATE TABLE "auth_user_user_permissions" (
  "id" int8 NOT NULL GENERATED BY DEFAULT AS IDENTITY (
INCREMENT 1
MINVALUE  1
MAXVALUE 9223372036854775807
START 1
CACHE 1
),
  "user_id" int4 NOT NULL,
  "permission_id" int4 NOT NULL
)
;

-- ----------------------------
-- Records of auth_user_user_permissions
-- ----------------------------
BEGIN;
COMMIT;

-- ----------------------------
-- Table structure for django_admin_log
-- ----------------------------
DROP TABLE IF EXISTS "django_admin_log";
CREATE TABLE "django_admin_log" (
  "id" int4 NOT NULL GENERATED BY DEFAULT AS IDENTITY (
INCREMENT 1
MINVALUE  1
MAXVALUE 2147483647
START 1
CACHE 1
),
  "action_time" timestamptz(6) NOT NULL,
  "object_id" text COLLATE "pg_catalog"."default",
  "object_repr" varchar(200) COLLATE "pg_catalog"."default" NOT NULL,
  "action_flag" int2 NOT NULL,
  "change_message" text COLLATE "pg_catalog"."default" NOT NULL,
  "content_type_id" int4,
  "user_id" int4 NOT NULL
)
;

-- ----------------------------
-- Records of django_admin_log
-- ----------------------------
BEGIN;
COMMIT;

-- ----------------------------
-- Table structure for django_content_type
-- ----------------------------
DROP TABLE IF EXISTS "django_content_type";
CREATE TABLE "django_content_type" (
  "id" int4 NOT NULL GENERATED BY DEFAULT AS IDENTITY (
INCREMENT 1
MINVALUE  1
MAXVALUE 2147483647
START 1
CACHE 1
),
  "app_label" varchar(100) COLLATE "pg_catalog"."default" NOT NULL,
  "model" varchar(100) COLLATE "pg_catalog"."default" NOT NULL
)
;

-- ----------------------------
-- Records of django_content_type
-- ----------------------------
BEGIN;
INSERT INTO "django_content_type" ("id", "app_label", "model") VALUES (1, 'admin', 'logentry');
INSERT INTO "django_content_type" ("id", "app_label", "model") VALUES (2, 'auth', 'permission');
INSERT INTO "django_content_type" ("id", "app_label", "model") VALUES (3, 'auth', 'group');
INSERT INTO "django_content_type" ("id", "app_label", "model") VALUES (4, 'auth', 'user');
INSERT INTO "django_content_type" ("id", "app_label", "model") VALUES (5, 'contenttypes', 'contenttype');
INSERT INTO "django_content_type" ("id", "app_label", "model") VALUES (6, 'sessions', 'session');
INSERT INTO "django_content_type" ("id", "app_label", "model") VALUES (7, 'kategori', 'kategori');
INSERT INTO "django_content_type" ("id", "app_label", "model") VALUES (8, 'status', 'status');
INSERT INTO "django_content_type" ("id", "app_label", "model") VALUES (9, 'produk', 'kategori');
INSERT INTO "django_content_type" ("id", "app_label", "model") VALUES (10, 'produk', 'produk');
INSERT INTO "django_content_type" ("id", "app_label", "model") VALUES (11, 'produk', 'status');
COMMIT;

-- ----------------------------
-- Table structure for django_migrations
-- ----------------------------
DROP TABLE IF EXISTS "django_migrations";
CREATE TABLE "django_migrations" (
  "id" int8 NOT NULL GENERATED BY DEFAULT AS IDENTITY (
INCREMENT 1
MINVALUE  1
MAXVALUE 9223372036854775807
START 1
CACHE 1
),
  "app" varchar(255) COLLATE "pg_catalog"."default" NOT NULL,
  "name" varchar(255) COLLATE "pg_catalog"."default" NOT NULL,
  "applied" timestamptz(6) NOT NULL
)
;

-- ----------------------------
-- Records of django_migrations
-- ----------------------------
BEGIN;
INSERT INTO "django_migrations" ("id", "app", "name", "applied") VALUES (1, 'contenttypes', '0001_initial', '2023-09-23 03:44:14.201574+07');
INSERT INTO "django_migrations" ("id", "app", "name", "applied") VALUES (2, 'auth', '0001_initial', '2023-09-23 03:44:14.901147+07');
INSERT INTO "django_migrations" ("id", "app", "name", "applied") VALUES (3, 'admin', '0001_initial', '2023-09-23 03:44:15.259918+07');
INSERT INTO "django_migrations" ("id", "app", "name", "applied") VALUES (4, 'admin', '0002_logentry_remove_auto_add', '2023-09-23 03:44:15.278907+07');
INSERT INTO "django_migrations" ("id", "app", "name", "applied") VALUES (5, 'admin', '0003_logentry_add_action_flag_choices', '2023-09-23 03:44:15.300893+07');
INSERT INTO "django_migrations" ("id", "app", "name", "applied") VALUES (6, 'contenttypes', '0002_remove_content_type_name', '2023-09-23 03:44:15.345866+07');
INSERT INTO "django_migrations" ("id", "app", "name", "applied") VALUES (7, 'auth', '0002_alter_permission_name_max_length', '2023-09-23 03:44:15.363854+07');
INSERT INTO "django_migrations" ("id", "app", "name", "applied") VALUES (8, 'auth', '0003_alter_user_email_max_length', '2023-09-23 03:44:15.38684+07');
INSERT INTO "django_migrations" ("id", "app", "name", "applied") VALUES (9, 'auth', '0004_alter_user_username_opts', '2023-09-23 03:44:15.407827+07');
INSERT INTO "django_migrations" ("id", "app", "name", "applied") VALUES (10, 'auth', '0005_alter_user_last_login_null', '2023-09-23 03:44:15.430813+07');
INSERT INTO "django_migrations" ("id", "app", "name", "applied") VALUES (11, 'auth', '0006_require_contenttypes_0002', '2023-09-23 03:44:15.437809+07');
INSERT INTO "django_migrations" ("id", "app", "name", "applied") VALUES (12, 'auth', '0007_alter_validators_add_error_messages', '2023-09-23 03:44:15.464792+07');
INSERT INTO "django_migrations" ("id", "app", "name", "applied") VALUES (13, 'auth', '0008_alter_user_username_max_length', '2023-09-23 03:44:15.560733+07');
INSERT INTO "django_migrations" ("id", "app", "name", "applied") VALUES (14, 'auth', '0009_alter_user_last_name_max_length', '2023-09-23 03:44:15.582718+07');
INSERT INTO "django_migrations" ("id", "app", "name", "applied") VALUES (15, 'auth', '0010_alter_group_name_max_length', '2023-09-23 03:44:15.606706+07');
INSERT INTO "django_migrations" ("id", "app", "name", "applied") VALUES (16, 'auth', '0011_update_proxy_permissions', '2023-09-23 03:44:15.631688+07');
INSERT INTO "django_migrations" ("id", "app", "name", "applied") VALUES (17, 'auth', '0012_alter_user_first_name_max_length', '2023-09-23 03:44:15.655673+07');
INSERT INTO "django_migrations" ("id", "app", "name", "applied") VALUES (18, 'sessions', '0001_initial', '2023-09-23 03:44:15.813576+07');
INSERT INTO "django_migrations" ("id", "app", "name", "applied") VALUES (27, 'produk', '0001_initial', '2023-09-25 12:08:26.312748+07');
COMMIT;

-- ----------------------------
-- Table structure for django_session
-- ----------------------------
DROP TABLE IF EXISTS "django_session";
CREATE TABLE "django_session" (
  "session_key" varchar(40) COLLATE "pg_catalog"."default" NOT NULL,
  "session_data" text COLLATE "pg_catalog"."default" NOT NULL,
  "expire_date" timestamptz(6) NOT NULL
)
;

-- ----------------------------
-- Records of django_session
-- ----------------------------
BEGIN;
INSERT INTO "django_session" ("session_key", "session_data", "expire_date") VALUES ('e444raq68907quliv5m1dfkosqldg975', 'e30:1qjn5Z:2_6cvkY4CWkP38ojNF0AZD8OVYak5skTNciA0hrs1ho', '2023-10-07 03:49:25.473481+07');
INSERT INTO "django_session" ("session_key", "session_data", "expire_date") VALUES ('g2arsponrl7x3w4mxexzegwxky0xt93o', '.eJxVjMsOwiAQRf-FtSE8ZAZcuu83EMoMUjU0Ke3K-O_apAvd3nPOfYmYtrXGrfMSJxIXYcXpdxtTfnDbAd1Tu80yz21dplHuijxol8NM_Lwe7t9BTb1-a8VnAwZyyIDEoIARka33qIt1xmsKoSQyvniHQJodOJW9DSoQFtLi_QHEiTcX:1qjohj:AeDIoKtPNM2RrAeDOZ9BcLaRMW5iFWpPJIgsUEbsS0Y', '2023-10-07 05:32:55.152623+07');
INSERT INTO "django_session" ("session_key", "session_data", "expire_date") VALUES ('2oolgjfib6w3c4ems7p9u9bqrsqjxkwn', '.eJxVjMsOwiAQRf-FtSE8ZAZcuu83EMoMUjU0Ke3K-O_apAvd3nPOfYmYtrXGrfMSJxIXYcXpdxtTfnDbAd1Tu80yz21dplHuijxol8NM_Lwe7t9BTb1-a8VnAwZyyIDEoIARka33qIt1xmsKoSQyvniHQJodOJW9DSoQFtLi_QHEiTcX:1qjqYT:tA1o2Sq4bVv8SMI-gCo1HHZcQyWu2tTh4d0A3W97f84', '2023-10-07 07:31:29.489667+07');
INSERT INTO "django_session" ("session_key", "session_data", "expire_date") VALUES ('7o30hsjjgxfk10srtxz3p6nzkttgesby', '.eJxVjMsOgyAQRf-FdUN4lAFcdt9vMMgM1bZCI7oy_ns1cdFu7zn3rKwNy9y3S6WpHZA1TLPL79aF-KJ8AHyG_Cg8ljxPQ8cPhZ-08ntBet9O9y_Qh9rvb0FXBQqij2CRQABZa0k7Z2XSRjmJ3qeAyiVnLKAkA0ZEp73waBPKPfqhqZbMmpXlMNLeDDgOmW3bF8wnP7w:1qjs6z:t0G6DDXRVvKJcV3zr8ycnrTp_CN6EduA2uO372gBLfw', '2023-10-07 09:11:13.592549+07');
INSERT INTO "django_session" ("session_key", "session_data", "expire_date") VALUES ('dk7eg0sa4qa83gesdeqkfl4gis357tzx', 'eyJwZXJzb24iOnsibmFtZSI6ImFkbWluIn19:1qkaAL:TZEjRUq-UZBwkvXX5jbJiTQ2crdmjdnjgfnhQRA63tM', '2023-10-09 08:13:37.971465+07');
INSERT INTO "django_session" ("session_key", "session_data", "expire_date") VALUES ('jw6xfnghzi55ymm6b91phbijs88ez5ax', 'eyJwZXJzb24iOnsibmFtZSI6ImFkbWluIn19:1qkdbe:63zZqTr-N0yeqbTTTgF1zGHcVqjjUXB0A5_y4cauOz0', '2023-10-09 11:54:02.254585+07');
INSERT INTO "django_session" ("session_key", "session_data", "expire_date") VALUES ('6mwnpx9ax1qmo17i6v4r07n6i8g0in5f', 'eyJwZXJzb24iOnsibmFtZSI6ImFkbWluIn19:1qkdgO:2CoDrERI7jAhlhZy5CqdRJP6hVrq-4I5Q6bKMxdH1eg', '2023-10-09 11:58:56.063799+07');
INSERT INTO "django_session" ("session_key", "session_data", "expire_date") VALUES ('exhmbm4beaxe7c46slut1e9in4p3gq7o', 'eyJwZXJzb24iOnsibmFtZSI6ImFkbWluIn19:1qkhMU:NcrE6D_a5NqUhLryJ26fK93o5KGCMDwB-qJ2mK8wbOE', '2023-10-09 15:54:38.470753+07');
COMMIT;

-- ----------------------------
-- Table structure for kategori
-- ----------------------------
DROP TABLE IF EXISTS "kategori";
CREATE TABLE "kategori" (
  "id_kategori" int4 NOT NULL GENERATED BY DEFAULT AS IDENTITY (
INCREMENT 1
MINVALUE  1
MAXVALUE 2147483647
START 1
CACHE 1
),
  "nama_kategori" text COLLATE "pg_catalog"."default" NOT NULL
)
;

-- ----------------------------
-- Records of kategori
-- ----------------------------
BEGIN;
INSERT INTO "kategori" ("id_kategori", "nama_kategori") VALUES (34, 'L QUEENLY');
INSERT INTO "kategori" ("id_kategori", "nama_kategori") VALUES (35, 'L MTH AKSESORIS (IM)');
INSERT INTO "kategori" ("id_kategori", "nama_kategori") VALUES (36, 'L MTH TABUNG (LK)');
INSERT INTO "kategori" ("id_kategori", "nama_kategori") VALUES (37, 'SP MTH SPAREPART (LK)');
INSERT INTO "kategori" ("id_kategori", "nama_kategori") VALUES (38, 'CI MTH TINTA LAIN (IM)');
INSERT INTO "kategori" ("id_kategori", "nama_kategori") VALUES (39, 'L MTH AKSESORIS (LK)');
INSERT INTO "kategori" ("id_kategori", "nama_kategori") VALUES (40, 'S MTH STEMPEL (IM)');
COMMIT;

-- ----------------------------
-- Table structure for produk
-- ----------------------------
DROP TABLE IF EXISTS "produk";
CREATE TABLE "produk" (
  "id_produk" int4 NOT NULL GENERATED BY DEFAULT AS IDENTITY (
INCREMENT 1
MINVALUE  1
MAXVALUE 2147483647
START 1
CACHE 1
),
  "nama_produk" text COLLATE "pg_catalog"."default" NOT NULL,
  "harga" int4 NOT NULL,
  "kategori_id" int4 NOT NULL,
  "status_id" int4 NOT NULL
)
;

-- ----------------------------
-- Records of produk
-- ----------------------------
BEGIN;
INSERT INTO "produk" ("id_produk", "nama_produk", "harga", "kategori_id", "status_id") VALUES (122, 'ALCOHOL GEL POLISH CLEANSER GP-CLN01', 12500, 34, 18);
INSERT INTO "produk" ("id_produk", "nama_produk", "harga", "kategori_id", "status_id") VALUES (124, 'ALUMUNIUM FOIL ALL IN ONE BULAT 30mm IM', 1000, 35, 18);
INSERT INTO "produk" ("id_produk", "nama_produk", "harga", "kategori_id", "status_id") VALUES (126, 'ALUMUNIUM FOIL HDPE/PE BULAT 23mm IM', 12500, 35, 18);
INSERT INTO "produk" ("id_produk", "nama_produk", "harga", "kategori_id", "status_id") VALUES (128, 'ALUMUNIUM FOIL HDPE/PE SHEET 250mm IM', 13000, 35, 19);
INSERT INTO "produk" ("id_produk", "nama_produk", "harga", "kategori_id", "status_id") VALUES (130, 'ARM PENDEK MODEL U', 13000, 35, 18);
INSERT INTO "produk" ("id_produk", "nama_produk", "harga", "kategori_id", "status_id") VALUES (132, 'ARM SUPPORT KOTAK PUTIH', 13000, 35, 19);
INSERT INTO "produk" ("id_produk", "nama_produk", "harga", "kategori_id", "status_id") VALUES (134, 'ARM SUPPORT S IM', 1000, 35, 19);
INSERT INTO "produk" ("id_produk", "nama_produk", "harga", "kategori_id", "status_id") VALUES (136, 'ARM SUPPORT T - MODEL 1 ( LOKAL )', 10000, 36, 18);
INSERT INTO "produk" ("id_produk", "nama_produk", "harga", "kategori_id", "status_id") VALUES (138, 'BODY PRINTER CANON IP2770', 500, 37, 18);
INSERT INTO "produk" ("id_produk", "nama_produk", "harga", "kategori_id", "status_id") VALUES (140, 'BOTOL 1000ML BLUE KHUSUS UNTUK EPSON R1800/R800 - 4180 IM (T054920)', 10000, 38, 18);
INSERT INTO "produk" ("id_produk", "nama_produk", "harga", "kategori_id", "status_id") VALUES (142, 'BOTOL 1000ML GLOSS OPTIMIZER KHUSUS UNTUK EPSON R1800/R800/R1900/R2000/IX7000/MG6170 - 4100 IM (T054020)', 1500, 38, 18);
INSERT INTO "produk" ("id_produk", "nama_produk", "harga", "kategori_id", "status_id") VALUES (144, 'BOTOL 1000ML LIGHT BLACK KHUSUS UNTUK EPSON 2400 - 0597 IM', 1500, 38, 19);
INSERT INTO "produk" ("id_produk", "nama_produk", "harga", "kategori_id", "status_id") VALUES (146, 'BOTOL 1000ML MATTE BLACK KHUSUS UNTUK EPSON R1800/R800/R1900/R2000 - 3503 IM (T054820)', 1500, 38, 19);
INSERT INTO "produk" ("id_produk", "nama_produk", "harga", "kategori_id", "status_id") VALUES (148, 'BOTOL 1000ML RED KHUSUS UNTUK EPSON R1800/R800/R1900/R2000 - 4170 IM (T054720)', 1000, 38, 19);
INSERT INTO "produk" ("id_produk", "nama_produk", "harga", "kategori_id", "status_id") VALUES (150, 'BOTOL KOTAK 100ML LK', 1000, 39, 18);
INSERT INTO "produk" ("id_produk", "nama_produk", "harga", "kategori_id", "status_id") VALUES (123, 'ALUMUNIUM FOIL ALL IN ONE BULAT 23mm IM', 1000, 35, 18);
INSERT INTO "produk" ("id_produk", "nama_produk", "harga", "kategori_id", "status_id") VALUES (125, 'ALUMUNIUM FOIL ALL IN ONE SHEET 250mm IM', 12500, 35, 19);
INSERT INTO "produk" ("id_produk", "nama_produk", "harga", "kategori_id", "status_id") VALUES (127, 'ALUMUNIUM FOIL HDPE/PE BULAT 30mm IM', 1000, 35, 18);
INSERT INTO "produk" ("id_produk", "nama_produk", "harga", "kategori_id", "status_id") VALUES (129, 'ALUMUNIUM FOIL PET SHEET 250mm IM', 1000, 35, 19);
INSERT INTO "produk" ("id_produk", "nama_produk", "harga", "kategori_id", "status_id") VALUES (131, 'ARM SUPPORT KECIL', 13000, 36, 19);
INSERT INTO "produk" ("id_produk", "nama_produk", "harga", "kategori_id", "status_id") VALUES (133, 'ARM SUPPORT PENDEK POLOS', 13000, 36, 18);
INSERT INTO "produk" ("id_produk", "nama_produk", "harga", "kategori_id", "status_id") VALUES (135, 'ARM SUPPORT T (IMPORT)', 13000, 35, 18);
INSERT INTO "produk" ("id_produk", "nama_produk", "harga", "kategori_id", "status_id") VALUES (137, 'BLACK LASER TONER FP-T3 (100gr)', 13000, 35, 19);
INSERT INTO "produk" ("id_produk", "nama_produk", "harga", "kategori_id", "status_id") VALUES (139, 'BODY PRINTER T13X', 15000, 37, 18);
INSERT INTO "produk" ("id_produk", "nama_produk", "harga", "kategori_id", "status_id") VALUES (141, 'BOTOL 1000ML CYAN KHUSUS UNTUK EPSON R1800/R800/R1900/R2000 - 4120 IM (T054220)', 10000, 38, 19);
INSERT INTO "produk" ("id_produk", "nama_produk", "harga", "kategori_id", "status_id") VALUES (143, 'BOTOL 1000ML L.LIGHT BLACK KHUSUS UNTUK EPSON 2400 - 0599 IM', 1500, 38, 19);
INSERT INTO "produk" ("id_produk", "nama_produk", "harga", "kategori_id", "status_id") VALUES (145, 'BOTOL 1000ML MAGENTA KHUSUS UNTUK EPSON R1800/R800/R1900/R2000 - 4140 IM (T054320)', 1000, 38, 18);
INSERT INTO "produk" ("id_produk", "nama_produk", "harga", "kategori_id", "status_id") VALUES (147, 'BOTOL 1000ML ORANGE KHUSUS UNTUK EPSON R1900/R2000 IM - 4190 (T087920)', 1500, 38, 18);
INSERT INTO "produk" ("id_produk", "nama_produk", "harga", "kategori_id", "status_id") VALUES (149, 'BOTOL 1000ML YELLOW KHUSUS UNTUK EPSON R1800/R800/R1900/R2000 - 4160 IM (T054420)', 1500, 38, 19);
INSERT INTO "produk" ("id_produk", "nama_produk", "harga", "kategori_id", "status_id") VALUES (151, 'BOTOL 10ML IM', 1000, 40, 19);
COMMIT;

-- ----------------------------
-- Table structure for status
-- ----------------------------
DROP TABLE IF EXISTS "status";
CREATE TABLE "status" (
  "id_status" int4 NOT NULL GENERATED BY DEFAULT AS IDENTITY (
INCREMENT 1
MINVALUE  1
MAXVALUE 2147483647
START 1
CACHE 1
),
  "nama_status" text COLLATE "pg_catalog"."default" NOT NULL
)
;

-- ----------------------------
-- Records of status
-- ----------------------------
BEGIN;
INSERT INTO "status" ("id_status", "nama_status") VALUES (18, 'bisa dijual');
INSERT INTO "status" ("id_status", "nama_status") VALUES (19, 'tidak bisa dijual');
COMMIT;

-- ----------------------------
-- Auto increment value for auth_group
-- ----------------------------
SELECT setval('"auth_group_id_seq"', 1, false);

-- ----------------------------
-- Indexes structure for table auth_group
-- ----------------------------
CREATE INDEX "auth_group_name_a6ea08ec_like" ON "auth_group" USING btree (
  "name" COLLATE "pg_catalog"."default" "pg_catalog"."varchar_pattern_ops" ASC NULLS LAST
);

-- ----------------------------
-- Uniques structure for table auth_group
-- ----------------------------
ALTER TABLE "auth_group" ADD CONSTRAINT "auth_group_name_key" UNIQUE ("name");

-- ----------------------------
-- Primary Key structure for table auth_group
-- ----------------------------
ALTER TABLE "auth_group" ADD CONSTRAINT "auth_group_pkey" PRIMARY KEY ("id");

-- ----------------------------
-- Auto increment value for auth_group_permissions
-- ----------------------------
SELECT setval('"auth_group_permissions_id_seq"', 1, false);

-- ----------------------------
-- Indexes structure for table auth_group_permissions
-- ----------------------------
CREATE INDEX "auth_group_permissions_group_id_b120cbf9" ON "auth_group_permissions" USING btree (
  "group_id" "pg_catalog"."int4_ops" ASC NULLS LAST
);
CREATE INDEX "auth_group_permissions_permission_id_84c5c92e" ON "auth_group_permissions" USING btree (
  "permission_id" "pg_catalog"."int4_ops" ASC NULLS LAST
);

-- ----------------------------
-- Uniques structure for table auth_group_permissions
-- ----------------------------
ALTER TABLE "auth_group_permissions" ADD CONSTRAINT "auth_group_permissions_group_id_permission_id_0cd325b0_uniq" UNIQUE ("group_id", "permission_id");

-- ----------------------------
-- Primary Key structure for table auth_group_permissions
-- ----------------------------
ALTER TABLE "auth_group_permissions" ADD CONSTRAINT "auth_group_permissions_pkey" PRIMARY KEY ("id");

-- ----------------------------
-- Auto increment value for auth_permission
-- ----------------------------
SELECT setval('"auth_permission_id_seq"', 44, true);

-- ----------------------------
-- Indexes structure for table auth_permission
-- ----------------------------
CREATE INDEX "auth_permission_content_type_id_2f476e4b" ON "auth_permission" USING btree (
  "content_type_id" "pg_catalog"."int4_ops" ASC NULLS LAST
);

-- ----------------------------
-- Uniques structure for table auth_permission
-- ----------------------------
ALTER TABLE "auth_permission" ADD CONSTRAINT "auth_permission_content_type_id_codename_01ab375a_uniq" UNIQUE ("content_type_id", "codename");

-- ----------------------------
-- Primary Key structure for table auth_permission
-- ----------------------------
ALTER TABLE "auth_permission" ADD CONSTRAINT "auth_permission_pkey" PRIMARY KEY ("id");

-- ----------------------------
-- Auto increment value for auth_user
-- ----------------------------
SELECT setval('"auth_user_id_seq"', 3, true);

-- ----------------------------
-- Indexes structure for table auth_user
-- ----------------------------
CREATE INDEX "auth_user_username_6821ab7c_like" ON "auth_user" USING btree (
  "username" COLLATE "pg_catalog"."default" "pg_catalog"."varchar_pattern_ops" ASC NULLS LAST
);

-- ----------------------------
-- Uniques structure for table auth_user
-- ----------------------------
ALTER TABLE "auth_user" ADD CONSTRAINT "auth_user_username_key" UNIQUE ("username");

-- ----------------------------
-- Primary Key structure for table auth_user
-- ----------------------------
ALTER TABLE "auth_user" ADD CONSTRAINT "auth_user_pkey" PRIMARY KEY ("id");

-- ----------------------------
-- Auto increment value for auth_user_groups
-- ----------------------------
SELECT setval('"auth_user_groups_id_seq"', 1, false);

-- ----------------------------
-- Indexes structure for table auth_user_groups
-- ----------------------------
CREATE INDEX "auth_user_groups_group_id_97559544" ON "auth_user_groups" USING btree (
  "group_id" "pg_catalog"."int4_ops" ASC NULLS LAST
);
CREATE INDEX "auth_user_groups_user_id_6a12ed8b" ON "auth_user_groups" USING btree (
  "user_id" "pg_catalog"."int4_ops" ASC NULLS LAST
);

-- ----------------------------
-- Uniques structure for table auth_user_groups
-- ----------------------------
ALTER TABLE "auth_user_groups" ADD CONSTRAINT "auth_user_groups_user_id_group_id_94350c0c_uniq" UNIQUE ("user_id", "group_id");

-- ----------------------------
-- Primary Key structure for table auth_user_groups
-- ----------------------------
ALTER TABLE "auth_user_groups" ADD CONSTRAINT "auth_user_groups_pkey" PRIMARY KEY ("id");

-- ----------------------------
-- Auto increment value for auth_user_user_permissions
-- ----------------------------
SELECT setval('"auth_user_user_permissions_id_seq"', 1, false);

-- ----------------------------
-- Indexes structure for table auth_user_user_permissions
-- ----------------------------
CREATE INDEX "auth_user_user_permissions_permission_id_1fbb5f2c" ON "auth_user_user_permissions" USING btree (
  "permission_id" "pg_catalog"."int4_ops" ASC NULLS LAST
);
CREATE INDEX "auth_user_user_permissions_user_id_a95ead1b" ON "auth_user_user_permissions" USING btree (
  "user_id" "pg_catalog"."int4_ops" ASC NULLS LAST
);

-- ----------------------------
-- Uniques structure for table auth_user_user_permissions
-- ----------------------------
ALTER TABLE "auth_user_user_permissions" ADD CONSTRAINT "auth_user_user_permissions_user_id_permission_id_14a6b632_uniq" UNIQUE ("user_id", "permission_id");

-- ----------------------------
-- Primary Key structure for table auth_user_user_permissions
-- ----------------------------
ALTER TABLE "auth_user_user_permissions" ADD CONSTRAINT "auth_user_user_permissions_pkey" PRIMARY KEY ("id");

-- ----------------------------
-- Auto increment value for django_admin_log
-- ----------------------------
SELECT setval('"django_admin_log_id_seq"', 1, false);

-- ----------------------------
-- Indexes structure for table django_admin_log
-- ----------------------------
CREATE INDEX "django_admin_log_content_type_id_c4bce8eb" ON "django_admin_log" USING btree (
  "content_type_id" "pg_catalog"."int4_ops" ASC NULLS LAST
);
CREATE INDEX "django_admin_log_user_id_c564eba6" ON "django_admin_log" USING btree (
  "user_id" "pg_catalog"."int4_ops" ASC NULLS LAST
);

-- ----------------------------
-- Checks structure for table django_admin_log
-- ----------------------------
ALTER TABLE "django_admin_log" ADD CONSTRAINT "django_admin_log_action_flag_check" CHECK (action_flag >= 0);

-- ----------------------------
-- Primary Key structure for table django_admin_log
-- ----------------------------
ALTER TABLE "django_admin_log" ADD CONSTRAINT "django_admin_log_pkey" PRIMARY KEY ("id");

-- ----------------------------
-- Auto increment value for django_content_type
-- ----------------------------
SELECT setval('"django_content_type_id_seq"', 11, true);

-- ----------------------------
-- Uniques structure for table django_content_type
-- ----------------------------
ALTER TABLE "django_content_type" ADD CONSTRAINT "django_content_type_app_label_model_76bd3d3b_uniq" UNIQUE ("app_label", "model");

-- ----------------------------
-- Primary Key structure for table django_content_type
-- ----------------------------
ALTER TABLE "django_content_type" ADD CONSTRAINT "django_content_type_pkey" PRIMARY KEY ("id");

-- ----------------------------
-- Auto increment value for django_migrations
-- ----------------------------
SELECT setval('"django_migrations_id_seq"', 27, true);

-- ----------------------------
-- Primary Key structure for table django_migrations
-- ----------------------------
ALTER TABLE "django_migrations" ADD CONSTRAINT "django_migrations_pkey" PRIMARY KEY ("id");

-- ----------------------------
-- Indexes structure for table django_session
-- ----------------------------
CREATE INDEX "django_session_expire_date_a5c62663" ON "django_session" USING btree (
  "expire_date" "pg_catalog"."timestamptz_ops" ASC NULLS LAST
);
CREATE INDEX "django_session_session_key_c0390e0f_like" ON "django_session" USING btree (
  "session_key" COLLATE "pg_catalog"."default" "pg_catalog"."varchar_pattern_ops" ASC NULLS LAST
);

-- ----------------------------
-- Primary Key structure for table django_session
-- ----------------------------
ALTER TABLE "django_session" ADD CONSTRAINT "django_session_pkey" PRIMARY KEY ("session_key");

-- ----------------------------
-- Auto increment value for kategori
-- ----------------------------
SELECT setval('"kategori_id_kategori_seq"', 40, true);

-- ----------------------------
-- Primary Key structure for table kategori
-- ----------------------------
ALTER TABLE "kategori" ADD CONSTRAINT "kategori_pkey" PRIMARY KEY ("id_kategori");

-- ----------------------------
-- Auto increment value for produk
-- ----------------------------
SELECT setval('"produk_id_produk_seq"', 151, true);

-- ----------------------------
-- Indexes structure for table produk
-- ----------------------------
CREATE INDEX "produk_kategori_id_1c4a5c0e" ON "produk" USING btree (
  "kategori_id" "pg_catalog"."int4_ops" ASC NULLS LAST
);
CREATE INDEX "produk_status_id_b270dde3" ON "produk" USING btree (
  "status_id" "pg_catalog"."int4_ops" ASC NULLS LAST
);

-- ----------------------------
-- Checks structure for table produk
-- ----------------------------
ALTER TABLE "produk" ADD CONSTRAINT "produk_harga_check" CHECK (harga >= 0);

-- ----------------------------
-- Primary Key structure for table produk
-- ----------------------------
ALTER TABLE "produk" ADD CONSTRAINT "produk_pkey" PRIMARY KEY ("id_produk");

-- ----------------------------
-- Auto increment value for status
-- ----------------------------
SELECT setval('"status_id_status_seq"', 19, true);

-- ----------------------------
-- Primary Key structure for table status
-- ----------------------------
ALTER TABLE "status" ADD CONSTRAINT "status_pkey" PRIMARY KEY ("id_status");

-- ----------------------------
-- Foreign Keys structure for table auth_group_permissions
-- ----------------------------
ALTER TABLE "auth_group_permissions" ADD CONSTRAINT "auth_group_permissio_permission_id_84c5c92e_fk_auth_perm" FOREIGN KEY ("permission_id") REFERENCES "auth_permission" ("id") ON DELETE NO ACTION ON UPDATE NO ACTION DEFERRABLE INITIALLY DEFERRED;
ALTER TABLE "auth_group_permissions" ADD CONSTRAINT "auth_group_permissions_group_id_b120cbf9_fk_auth_group_id" FOREIGN KEY ("group_id") REFERENCES "auth_group" ("id") ON DELETE NO ACTION ON UPDATE NO ACTION DEFERRABLE INITIALLY DEFERRED;

-- ----------------------------
-- Foreign Keys structure for table auth_permission
-- ----------------------------
ALTER TABLE "auth_permission" ADD CONSTRAINT "auth_permission_content_type_id_2f476e4b_fk_django_co" FOREIGN KEY ("content_type_id") REFERENCES "django_content_type" ("id") ON DELETE NO ACTION ON UPDATE NO ACTION DEFERRABLE INITIALLY DEFERRED;

-- ----------------------------
-- Foreign Keys structure for table auth_user_groups
-- ----------------------------
ALTER TABLE "auth_user_groups" ADD CONSTRAINT "auth_user_groups_group_id_97559544_fk_auth_group_id" FOREIGN KEY ("group_id") REFERENCES "auth_group" ("id") ON DELETE NO ACTION ON UPDATE NO ACTION DEFERRABLE INITIALLY DEFERRED;
ALTER TABLE "auth_user_groups" ADD CONSTRAINT "auth_user_groups_user_id_6a12ed8b_fk_auth_user_id" FOREIGN KEY ("user_id") REFERENCES "auth_user" ("id") ON DELETE NO ACTION ON UPDATE NO ACTION DEFERRABLE INITIALLY DEFERRED;

-- ----------------------------
-- Foreign Keys structure for table auth_user_user_permissions
-- ----------------------------
ALTER TABLE "auth_user_user_permissions" ADD CONSTRAINT "auth_user_user_permi_permission_id_1fbb5f2c_fk_auth_perm" FOREIGN KEY ("permission_id") REFERENCES "auth_permission" ("id") ON DELETE NO ACTION ON UPDATE NO ACTION DEFERRABLE INITIALLY DEFERRED;
ALTER TABLE "auth_user_user_permissions" ADD CONSTRAINT "auth_user_user_permissions_user_id_a95ead1b_fk_auth_user_id" FOREIGN KEY ("user_id") REFERENCES "auth_user" ("id") ON DELETE NO ACTION ON UPDATE NO ACTION DEFERRABLE INITIALLY DEFERRED;

-- ----------------------------
-- Foreign Keys structure for table django_admin_log
-- ----------------------------
ALTER TABLE "django_admin_log" ADD CONSTRAINT "django_admin_log_content_type_id_c4bce8eb_fk_django_co" FOREIGN KEY ("content_type_id") REFERENCES "django_content_type" ("id") ON DELETE NO ACTION ON UPDATE NO ACTION DEFERRABLE INITIALLY DEFERRED;
ALTER TABLE "django_admin_log" ADD CONSTRAINT "django_admin_log_user_id_c564eba6_fk_auth_user_id" FOREIGN KEY ("user_id") REFERENCES "auth_user" ("id") ON DELETE NO ACTION ON UPDATE NO ACTION DEFERRABLE INITIALLY DEFERRED;

-- ----------------------------
-- Foreign Keys structure for table produk
-- ----------------------------
ALTER TABLE "produk" ADD CONSTRAINT "produk_kategori_id_1c4a5c0e_fk_kategori_id_kategori" FOREIGN KEY ("kategori_id") REFERENCES "kategori" ("id_kategori") ON DELETE NO ACTION ON UPDATE NO ACTION DEFERRABLE INITIALLY DEFERRED;
ALTER TABLE "produk" ADD CONSTRAINT "produk_status_id_b270dde3_fk_status_id_status" FOREIGN KEY ("status_id") REFERENCES "status" ("id_status") ON DELETE NO ACTION ON UPDATE NO ACTION DEFERRABLE INITIALLY DEFERRED;
